Perfume,Decant_3ml,Decant_5ml,Decant_10ml
Perfume,,,
BTV Blue Sapphire Supercharged,48.4,77.68,149.38
BTV Hanuman,46.58,74.75,143.75
Clive Christian Blonde Amber,45.77,73.45,141.25
Clive Christian Hedonistic,45.77,73.45,141.25
Clive Christian Rock Rose,45.77,73.45,141.25
Nishane Nefs,44.96,72.15,138.75
Amouage Outlands,17.01,27.3,52.5
Roja Isola Blu,37.67,60.45,116.25
Amouage Reflection 45,19.85,31.85,61.25
Creed Absolu Aventus,13.77,22.1,42.5
LV Ombre Nomade,11.95,19.18,36.88
Clive X Masculine,45.77,73.45,141.25
Clive 1872,29.16,46.8,90.0
Creed Centaurus,9.52,15.28,29.38
Xerjoff Alexandria II Annyversary,23.49,37.7,72.5
BTV Harmonious,14.38,23.08,44.38
Roja Manhattan,16.0,25.68,49.38
Tiziana Terenzi Dionisio 2022,16.81,26.98,51.88
BTV Opal,46.58,74.75,143.75
Tom Ford Oud Wood Parfum,27.54,44.2,85.0
Amouage Jubilation 40,19.85,31.85,61.25
Amouage Interlude,14.78,23.72,45.62
Amouage Interlude Black Iris,14.78,23.72,45.62
Amouge Purpose,14.78,23.72,45.62
Amouage Reflection man,14.78,23.72,45.62
Amouage Opus XIV Royal Tobacco,14.78,23.72,45.62
Xerjoff Naxos,9.92,15.93,30.62
Killiam Smoking Hot,20.66,33.15,63.75
Ambre Tabac Daniel Josier,5.06,8.12,15.62
Sublimizia Bruno Perrucci,11.74,18.85,36.25
The Moon Frederic Malle,46.17,74.1,142.5
Promise Frederic Malle,14.18,22.75,43.75
Musc Ravageur Frederic Malle (Batch 2020),12.56,20.15,38.75
Back to Black Kilian,16.2,26.0,50.0
Under my skin Francesca Bianchi,15.93,25.57,49.17
The Black Knight Francesca Bianchi,15.93,25.57,49.17
The Dark Side Francesca Bianchi,15.93,25.57,49.17
The Lover´s Tale Francesca Bianchi,15.93,25.57,49.17
Iris Nazarena Aedes de Venustas,9.11,14.63,28.12
Iris Cartagena 502 Bon Parfumeur,6.48,10.4,20.0
Siesta Ramón Monegal,10.94,17.55,33.75
Ôikb Santi Burgás,7.49,12.03,23.12
Iris Shot Olfative Studio,9.32,14.95,28.75
Velvet Iris Essential Parfums,3.56,5.72,11.0
Obscura Ylusia Parfums,10.94,17.55,33.75
Stand Out Bruno Perrucci,11.74,18.85,36.25
Vibrato Sospiro,11.34,18.2,35.0
Basso Sospiro,11.34,18.2,35.0
Crab Apple Pie Clive Christian,37.67,60.45,116.25
Bahar The Spirit of Dubai,20.66,33.15,63.75
Fanfare Thameen,6.28,10.08,19.38
Imagination Louis Vuitton,12.15,19.5,37.5
Aventus Cologne Creed,11.95,19.18,36.88
Virgin Island Water Creed,10.73,17.22,33.12
God of fire Stephan Humbert Lucas,17.42,27.95,53.75
Pacific Rock Moss Goldfield&Banks,6.76,10.85,20.88
Overdose Oman Luxury,7.65,12.28,23.62
Megamare Orto Parisi,12.56,20.15,38.75
Wave Child Room 1015,6.08,9.75,18.75
Invisible but Cool Ramon Monegal,5.26,8.45,16.25
Torino 21 Xerjoff,11.95,19.18,36.88
Van Sea Lorezo Pazzaglia,11.74,18.85,36.25
Summer Hummer Lorenzo Pazzaglia,11.74,18.85,36.25
Piper Nigrum Lorenzo Villoresi Firenze,11.34,18.2,35.0
Heart Attack Daniel Josier,5.06,8.12,15.62
Tangy Caper Daniel Josier,5.06,8.12,15.62
Tony Iommi Xerjoff,16.0,25.68,49.38
Black Moonlight Duran Duran Xerjoff,25.52,40.95,78.75
Via Cavour 1 Xerjoff,19.04,30.55,58.75
Dark Souls Mala Sombra,29.7,47.67,91.67
Angel´s Share Kilian,14.99,24.05,46.25
Absolue D´Osmanthe Perris Montecarlo,23.09,37.05,71.25
Enigma Parfum Cologne Roja Parfums,13.57,21.78,41.88
Ani Nishane,13.16,21.13,40.62
Colonia Leather Acqua Di Parma,13.16,21.13,40.62
Meydan Spirit Of Dubai,20.66,33.15,63.75
Cuir Yves Saint Laurent,9.72,15.6,30.0
Leather Shot Olfative Studio,9.32,14.95,28.75
Cuirs Carner barcelona,6.88,11.05,21.25
D600 Carner Barcelona,6.88,11.05,21.25
Ora Mallo Parfums,31.72,50.92,97.92
Ara Mallo Parfums,31.72,50.92,97.92
Jara Ponsá Barcelona,17.82,28.6,55.0
Tango Masque Milano,17.36,27.86,53.57
Proibito Unico Perfume,17.42,27.95,53.75
The Essence Francesca Bianchi,19.58,31.42,60.42
For Attention Niviru,2.84,4.55,8.75
Purple Rain Prada,12.15,19.5,37.5
Cargo de Nuit Prada,12.15,19.5,37.5
Arabian Oud Amiri,10.26,16.47,31.67
Triumph of Bacchus Extrait Argos,12.56,20.15,38.75
Torino 25 Xerjoff,16.6,26.65,51.25
Starlight Xerjoff,19.04,30.55,58.75
La Capitale Xerjoff,19.04,30.55,58.75
Lamar Kajal,8.91,14.3,27.5
Bodacious Boadicea The Victorious,14.18,22.75,43.75
Battito D´Ali Profumum Roma,10.12,16.25,31.25
Le Notti di Goa Sapna - Sasva,7.09,11.38,21.88
Green Irish Tweed Creed,10.73,17.22,33.12
Apex Eau Intense Roja Parfums,13.57,21.78,41.88
Elysium Eau Intense Roja Parfums,13.57,21.78,41.88
Ambre des Abysses Houbigant Paris,7.49,12.03,23.12
The tragedy of Lord George Penhaligon´s,14.85,23.83,45.83
Sartorial Penhaligon´s,6.28,10.08,19.38
Bois Imperial Essential Parfums,3.44,5.52,10.62
Masculin Pluriel Maison Frances Kurkdjian,10.7,17.18,33.04
Apple Brandy Kilian,14.99,24.05,46.25
Orpheon Diptyque,9.18,14.73,28.33
Ganymede Marc-Antoine Barrois,8.1,13.0,25.0
Au Coeur du Desert Andy Tauer,14.58,23.4,45.0
Halfeti Penhaligon´s,9.72,15.6,30.0
5 Rosendo Mateu,7.7,12.35,23.75
Babycat Yves Saint Laurent,9.72,15.6,30.0
Tuxedo Yves Saint Laurent,9.72,15.6,30.0
7 Rosendo Mateu,7.7,12.35,23.75
Side Effect Initio,12.15,19.5,37.5
Althair Parfums de Marly,9.4,15.08,29.0
By the fireplace Maison Margiela,6.03,9.68,18.62
Oudh Al Boruzz Asrar Indonesia,11.34,18.2,35.0
Ous Satin Mood EDP Maison Fraces Kurkdjian,14.18,22.75,43.75
Il padrino Sospiro,11.34,18.2,35.0
Oud Voyager Tom Ford,14.38,23.08,44.38
Tobacco Vanille Tom Ford,14.38,23.08,44.38
Glistening Boadicea The Victorious,12.96,20.8,40.0
Layton Parfums de Marly,9.4,15.08,29.0
Grand Soir Maison Frances Kurkdjian,11.28,18.11,34.82
6 Place Saint Sulpice Yves Saint Laurent,9.72,15.6,30.0
Hipnotizing Fire The Harmonist,23.9,38.35,73.75
Drunk Lovers Born to Standout,10.94,17.55,33.75
Patchouli of the underworld Electimuss,11.74,18.85,36.25
Soho Superz Budapest,10.53,16.9,32.5
African Leather Memo Paris,10.33,16.58,31.88
Golden Dallah xerjoff,19.04,30.55,58.75
Oud Maracuja Maison Crivelli,14.99,24.05,46.25
Instant Crush Mancera,4.89,7.85,15.1
Erba Pura Xerjoff,9.92,15.93,30.62
Erba Gold Xerjoff,12.56,20.15,38.75
Azrak de Boadicea,18.63,29.9,57.5
Gris Dior de Christian Dior,11.95,19.18,36.88
The Code of Emotion de Francesca Bianchi,15.93,25.57,49.17
Apom de Maison Fracis Kurkdjian,11.28,18.11,34.82
Iperborea EDT de Lorenzo Villoresi Firenza,5.67,9.1,17.5
La prima de Milano Fraganza,5.26,8.45,16.25
Bianco Latte de Gilardini di Toscana,5.06,8.12,15.62
Greenwich Village de Bond nº9,18.63,29.9,57.5
Silky Woods de Goldfield&Banks,8.95,14.37,27.62
Gris EDP de Charnel ,8.3,13.32,25.62
Impadia de Charnel,8.3,13.32,25.62
Rouge Malachite de Armani Pive,12.15,19.5,37.5
Erotika Maximale de New Notes,14.85,23.83,45.83
Lune Feline de Atelier des Ors,9.32,14.95,28.75
Tilia de Marc-Antoine Barrois,8.1,13.0,25.0
Fétiche la Rose de Christian Louboutin,10.63,17.06,32.81
One Umbrella for Two de Floriakü,10.53,16.9,32.5
Sonic Flower de Room 1015,6.08,9.75,18.75
Lira de Casamorati,10.94,17.55,33.75
Marfa de Memo París,13.77,22.1,42.5
Musk Therapy de Initio,12.6,20.22,38.89
Paragon de Initio,12.6,20.22,38.89
Oud Orange Intense Fragance du Bois ,29.56,47.45,91.25
28 de Daniel Josier,5.06,8.12,15.62
Sharing Concept de Corel,8.77,14.08,27.08
Poets of Berlin de Vilhelm Parfumerie,10.12,16.25,31.25
